Workbook

Sheet MRO_А_23.06.2023
A1: 005С | B1: ТРЕБОВАНИЯ К ОФОРМЛЕНИЮ TR и SR
C2: № заявки:
A3: Нормоконтроль
A4: Общая информация | C4: Вес | D4: ID | E4: Результат проверки | F4: =SUM(C6:C14,C16:C22,C25) -> 0.93
A5: 0 | B5: Обновление документа сделано (ctrl A + F9) и отсутствуют ошибки | C5: 0 | D5: 836 | E5: не проверено | G5: =IF(E5=Inputs!$D$5,0,H5) -> 0 | H5: =IF(E5=Inputs!$D$5,"",C5) -> 0
A6: 1 | B6: Правила работы c шаблоном соблюдены | C6: 0.1 | D6: 820 | E6: не проверено | G6: =IF(E6=Inputs!$D$5,0,H6) -> 0.1 | H6: =IF(E6=Inputs!$D$5,"",C6) -> 0.1
A7: 2 | B7: Структура поставки (названия файлов, их количество, № заявки, код приложения, ревизия) в соответствии с требованиями РП | C7: 0.07 | D7: 821 | E7: не проверено | G7: =IF(E7=Inputs!$D$5,0,H7) -> 0.07 | H7: =IF(E7=Inputs!$D$5,"",C7) -> 0.07
A8: 3 | B8: Титульный лист заполнен в соответствии с ОПИ | C8: 0.01 | D8: 822 | E8: не проверено | G8: =IF(E8=Inputs!$D$5,0,H8) -> 0.01 | H8: =IF(E8=Inputs!$D$5,"",C8) -> 0.01
A9: 4 | B9: Верхний колонтитул второго и следующих листов заполнен в соответствии с титульным листом | C9: 0.06 | D9: 823 | E9: не проверено | G9: =IF(E9=Inputs!$D$5,0,H9) -> 0.06 | H9: =IF(E9=Inputs!$D$5,"",C9) -> 0.06
A10: 5 | B10: Содержание обновлено (при наличии) | C10: 0.01 | D10: 824 | E10: не проверено | G10: =IF(E10=Inputs!$D$5,0,H10) -> 0.01 | H10: =IF(E10=Inputs!$D$5,"",C10) -> 0.01
A11: 6 | B11: Глава "Термины, определения и сокращения" содержит только те сокращения, которые используются в документе | C11: 0.06 | D11: 825 | E11: не проверено | G11: =IF(E11=Inputs!$D$5,0,H11) -> 0.06 | H11: =IF(E11=Inputs!$D$5,"",C11) -> 0.06
A12: 7 | B12: Верный номер Бюллетеня указан в главах 6 и 7 / Верный номер инструкции по ремонту указан в главах 7 и 8 | C12: 0.06 | D12: 826 | E12: не применимо | G12: =IF(E12=Inputs!$D$5,0,H12) -> 0.06 | H12: =IF(E12=Inputs!$D$5,"",C12) -> 0.06
A13: 7 | B13: Приложения оформлены в соответствии с шаблоном (при их наличии) | C13: 0.06 | D13: 827 | E13: не проверено | G13: =IF(E13=Inputs!$D$5,0,H13) -> 0.06 | H13: =IF(E13=Inputs!$D$5,"",C13) -> 0.06
A14: 8 | B14: Лист регистрации изменений заполнен в соответствии с титульным листом и введенными изменениями | C14: 0.06 | D14: 828 | E14: не проверено | G14: =IF(E14=Inputs!$D$5,0,H14) -> 0.06 | H14: =IF(E14=Inputs!$D$5,"",C14) -> 0.06
A15: Требования к изложению текста | G15: =IF(E15=Inputs!$D$5,0,H15) -> 0 | H15: =IF(E15=Inputs!$D$5,"",C15) -> 0
A16: 9 | B16: Таблицы оформлены в соответствии с шаблоном | C16: 0.07 | D16: 829 | E16: не проверено | G16: =IF(E16=Inputs!$D$5,0,H16) -> 0.07 | H16: =IF(E16=Inputs!$D$5,"",C16) -> 0.07
A17: 10 | B17: Рисунки оформлены в соответствии с шаблоном [направление полета] | C17: 0.07 | D17: 830 | E17: не проверено | G17: =IF(E17=Inputs!$D$5,0,H17) -> 0.07 | H17: =IF(E17=Inputs!$D$5,"",C17) -> 0.07
A18: 11 | B18: Ссылки на внешние и внутренние элементы документа актуальны [Документы, заголовки, рисунки, таблицы, аббревиатуры и пр.] [Нет активных ссылок (на внешние ресурсы) и/или вложенных файлов.] | C18: 0.1 | D18: 831 | E18: не проверено | G18: =IF(E18=Inputs!$D$5,0,H18) -> 0.1 | H18: =IF(E18=Inputs!$D$5,"",C18) -> 0.1
A19: 12 | B19: Соблюдена единная терминология в документе [ВС / АС] | C19: 0.07 | D19: 834 | E19: не проверено | G19: =IF(E19=Inputs!$D$5,0,H19) -> 0.07 | H19: =IF(E19=Inputs!$D$5,"",C19) -> 0.07
A20: 13 | B20: Единицы измерения физических величин присутствуют | C20: 0.06 | D20: 832 | E20: не проверено | G20: =IF(E20=Inputs!$D$5,0,H20) -> 0.06 | H20: =IF(E20=Inputs!$D$5,"",C20) -> 0.06
A21: 14 | B21: Формулы | C21: 0.06 | D21: 833 | E21: не проверено | G21: =IF(E21=Inputs!$D$5,0,H21) -> 0.06 | H21: =IF(E21=Inputs!$D$5,"",C21) -> 0.06
A22: 15 | B22: Требования к изложению текста (орфография и пунктуация; примечания; примеры; повелительное наклонение) | C22: 0.01 | D22: 834 | E22: не проверено | G22: =IF(E22=Inputs!$D$5,0,H22) -> 0.01 | H22: =IF(E22=Inputs!$D$5,"",C22) -> 0.01
A23: 17 | B23: Текст на английском и русском языках совпадают по смыслу и наполнености [для двуязычных документов] | C23: 0.07 | D23: 834 | E23: не применимо | G23: =IF(E23=Inputs!$D$5,0,H23) -> 0.07 | H23: =IF(E23=Inputs!$D$5,"",C23) -> 0.07
A24: Конструкторская документация | G24: =IF(E24=Inputs!$D$5,0,H24) -> 0 | H24: =IF(E24=Inputs!$D$5,"",C24) -> 0
A25: 16 | B25: Нормоконтроль прилагаемой КД [Проверяется по чек-листу ЕСКД] | C25: 0 | D25: 835 | E25: не проверено | G25: =IF(E25=Inputs!$D$5,0,H25) -> 0 | H25: =IF(E25=Inputs!$D$5,"",C25) -> 0
B26: Уровень качества | C26: =G27 -> 1
A27: Проверил: | C27: Дата: | G27: =SUM(G5:G26) -> 1 | H27: =SUM(H5:H26) -> 1

Sheet Inputs
E1: 001
E2: 002
B3: Not Checked | D3: не проверено | E3: 003 | F3: Алексина А. | G3: ТЕХНИЧЕСКОЕ ОПИСАНИЕ ИЗМЕНЕНИЯ
B4: Checked OK | D4: проверено | E4: 004 | F4: Зуева О. | G4: СЕРВИСНЫЙ БЮЛЛЕТЕНЬ
B5: ERR | D5: ошибка | E5: 005 | F5: Крючков А. | G5: ИНСТРУКЦИЯ ПО РЕМОНТУ
B6: N/A (see Comments) | D6: не применимо | E6: 006 | F6: Рыжкина Т. | G6: ПЕРЕЧЕНЬ ОСНОВНЫХ ДОКУМЕНТОВ
E7: 007 | F7: Салахетдинова Л. | G7: ДОПОЛНЕНИЕ К РУКОВОДСТВУ ПО ТЕХНИЧЕСКОМУ ОБСЛУЖИВАНИЮ
E8: 008 | G8: ДОПОЛНЕНИЕ К РУКОВОДСТВУ ПО МАССЕ И ЦЕНТРОВКЕ
E9: 009 | G9: ДОПОЛНЕНИЕ К ИЛЛЮСТРИРОВАННОМУ КАТАЛОГУ ДЕТАЛЕЙ
E10: 010 | G10: ОДОБРЕНИЕ ВТОРОСТЕПЕННОГО ИЗМЕНЕНИЯ ТИПОВОЙ КОНСТРУКЦИИ
E11: 011 | G11: КЛАССИФИКАЦИОННАЯ ТАБЛИЦА МОДИФИКАЦИИ ТИПОВОЙ КОНСТРУКЦИИ
E12: 012 | G12: КЛАССИФИКАЦИОННАЯ ТАБЛИЦА РЕМОНТА ТИПОВОЙ КОНСТРУКЦИИ
E13: 013 | G13: СЕРТИФИКАЦИОННЫЙ БАЗИС ИЗМЕНЕНИЯ
E14: 014 | G14: ПРОГРАММА СЕРТИФИКАЦИОННЫХ РАБОТ
E15: 015 | G15: ТЕХНИЧЕСКОЕ ОБОСНОВАНИЕ
E16: 016 | G16: Дополнение к документу планирования технического обслуживания
E17: 017 | G17: Дополнение к отчету комиссии по проверке технического обслуживания
E18: 018 | G18: Дополнение к практическому руководству по электрическим стандартам
E19: 019 | G19: Дополнение к руководство по летной эксплуатации самолета
... E32: 032 | G32: Протокол
E33: 033
E34: 034
E35: 035
E36: 036
E37: 037
E38: 038
E39: 039
E40: 040
E41: 041
E42: 042
E43: 043
E44: 044
... E369: 369
